{
    "W": 512,
    "H": 512,
    "sampler": "euler",
    "dynamic_threshold": null,
    "static_threshold": null,
    "mean_scale": 0,
    "var_scale": 0,
    "exposure_scale": 0,
    "exposure_target": 0,
    "colormatch_scale": 500,
    "ignore_sat_weight": null,
    "clip_scale": 0,
    "aesthetics_scale": 0,
    "init_mse_scale": 0,
    "blue_scale": 0,
    "gradient_wrt": "x0_pred",
    "gradient_add_to": "both",
    "decode_method": "linear",
    "grad_threshold_type": "dynamic",
    "clamp_grad_threshold": 0.2,
    "grad_inject_timing": null,
    "cond_uncond_sync": true
}