{
    "W": 512,
    "H": 512,
    "sampler": "euler",
    "dynamic_threshold": null,
    "static_threshold": null,
    "mean_scale": 0,
    "var_scale": 0,
    "exposure_scale": 0,
    "exposure_target": 0,
    "colormatch_scale": 2000,
    "ignore_sat_weight": null,
    "clip_scale": 0,
    "aesthetics_scale": 0,
    "init_mse_scale": 0,
    "blue_scale": 0,
    "gradient_wrt": "x0_pred",
    "gradient_add_to": "both",
    "decode_method": "autoencoder",
    "grad_threshold_type": "dynamic",
    "clamp_grad_threshold": 0.2,
    "grad_inject_timing": [0.8,0.82,0.84,0.86,0.9,0.92,0.94,0.96,0.98,1.0],
    "cond_uncond_sync": true
}